lokogamingplays,b95f8dfb-7a4b-3e1f-9d0b-7b3b6e8949fb
mxgnus57,a1134bac-8e6f-3f74-8071-d21e52e67a9b
tirzo,ce131d34-2f08-3733-84a2-83e522b14d29
dinozsx,6a5a2625-3784-3d6f-8a41-dfee8bc1c55b
tms_operative,2fdbcc8d-d6b5-3c52-88e4-7c45bb2b5b55
hyp3r_recker,aaf3031d-2bf3-35f0-a831-3c7ba57eeb5a
tms_inquisitor,3663f004-b5c2-3a38-9b57-d76d93b304d2
proxtious,19f7e5ee-52b7-3984-a672-7c667904b287
waeffles,b21ea8f7-0429-3977-83d1-5619b9e293ca
crazybaka833,dbe97250-4a30-3f40-8a81-160e6d1b3225
danker_things,807fd9f2-d305-3346-b384-3f68f69696a5
matergaming110,494c8d3d-ab72-3a6b-84e9-440843b5481a
thewanderingjaz,2b5f5f03-5ef4-3762-ad91-b50b88d3bae1
tms_captain,83a5b982-bf55-31e5-a1d3-2a9f49d4d0ba
coop2168,f7b8ab92-5529-3a5d-a9e4-32387a684ecf
smilydavid05,c8510a36-9eae-36b2-bab8-d967dd00b50f
aizon21,89ba6ef6-9439-323a-a62a-4ae9dac4dd25
bloxygabe,ac12df2d-3210-3b6e-b73a-9070e91d064c
m1ster0kay,7374960c-e17b-3e1c-bc09-7bc5747958e0
ultimate_992,cc313663-457c-3170-b9c0-f344f2c2ae44
intr0spective,ea2fa1cc-8dad-348f-818e-c948cc8490f2
letseaneleven,507f9ad8-d467-3e18-b4ce-d1c0d43a022f
cofnij,af3314a6-d024-3447-8289-5d0f4e131d80
falljungle,21c37766-4693-335a-8e3a-381aaebcdc09
generalgura,4113bd9a-6994-3db3-b8a0-c7b4454f1341
cocknballtorture,71e48163-0d08-3fc2-a199-e71f54255129
xiphoiddeath,25563b17-350d-3e9a-b091-c26b1db7fe38
logicalbot,b7df4275-2523-3175-af9d-76559981fcfd
kea12,271d1cb9-447f-317d-8a97-4d485af99f94
xprominty,9d16f650-d4ba-36c0-b06e-a8bc9ca7f963
dbrthrd,ba7da7b3-38d4-31de-b4ba-8e15a391f26e
